{
  "total_return": NaN,
  "cagr": NaN,
  "annual_vol": 0.02601648319732094,
  "sharpe": -0.4537189238566831
}