{
  "total_return": NaN,
  "cagr": NaN,
  "annual_vol": 0.021557113187663453,
  "sharpe": -0.5525616571687828
}