feat_0,feat_1,feat_2,feat_3,feat_4,feat_5,feat_6,feat_7,feat_8,feat_9,feat_10,feat_11,feat_12,feat_13,feat_14,feat_15,true,prob,pred_best_thresh
-0.5531561,-0.17362088,-0.38432625,-0.367344,-0.56407005,-0.17326885,-0.38924226,-0.3732466,-0.09351672,-0.10416523,-0.09922454,-0.10154885,-0.094293274,-0.105114095,-0.10369395,-0.10627708,0.0,0.21894135,0
-0.45429617,-0.20476499,-0.34472775,-0.34912115,-0.45648012,-0.20535766,-0.34259063,-0.34087613,-0.093516536,-0.10416523,-0.09922447,-0.10154882,-0.09429318,-0.10511409,-0.10369389,-0.106277026,0.0,0.22816022,0
-0.011618595,0.16602549,0.065547,0.037661467,-0.01882833,0.1845296,0.063415855,0.035758577,-0.09351672,-0.10416523,-0.09922454,-0.10154885,-0.094293274,-0.105114095,-0.10369395,-0.10627708,0.0,0.23287556,0
-0.564665,-0.26269993,-0.4147279,-0.38366985,-0.57045746,-0.25539264,-0.41981497,-0.39255768,-0.09351669,-0.10416523,-0.099224515,-0.10154883,-0.09429325,-0.10511407,-0.10369392,-0.10627703,0.0,0.22421582,0
-0.17208865,-0.64232665,-0.45597365,-0.50801766,-0.18060184,-0.6270561,-0.4382378,-0.46568635,-0.09351672,-0.10416523,-0.09922454,-0.10154885,-0.094293274,-0.105114095,-0.10369395,-0.10627707,0.0,0.25525656,1
# TRUNCATED — original file had 66,895 data rows (13.6 MB). Fetch full data with the project scripts.
